Cód.,D.N.I / C.I.F.,Nombre,Dirección,Provincia,Población,C.P.,Teléfono,Email,País,País ISO,Forma de pago,Descripción forma de pago,Divisa,Régimen IVA
000103,,ALDO GALLI S.R.L.,"Corso Europa, 223",Extranjero,CASSANO D'ADDA (MI) - ITALIA,20062,+39-0363-360303,,Italia,IT,,Contado,EUR,U.E.
000104,51418959K,AGUIRRE - IGNACIO,,Madrid,,,,,,ES,,,EUR,General
000151,05454575X,"ALMACENES DELCA, S.A.","C/Teodoro Cuesta, 2",Asturias,GIJÓN,33207,985 176111,,España,ES,,,EUR,General
000153,B82875055,"AIRBUS OPERATIONS, S.L.","Avda. John Lenon, s/n",Madrid,GETAFE,28906,,,,ES,,,EUR,General
000162,,ASMAR-ASTILL.Y MAESTRANZA ARMADA,,,,,,,,,,Contado,EUR,General
000165,A33030818,ASTILLEROS GONDAN S.A.,,Madrid,,,,,,ES,,,EUR,General
000167,A15033939,ATEIN NAVAL S.A.,CTRA. CIRCUNVALACION 28,La Coruña / A Coruña,LA CORUÑA,15002,,,,ES,,,EUR,General
000173,,BENITO BARON-Mª CONSUELO,"Plaza Francisco Sarmiento, s/n",Burgos,BURGOS,09005,947225640,,España,ES,,,EUR,General
000174,A36650828,"AISTER-AISLAMIENTOS TERMICOS GALICIA, S.A.","C/Baixada do Cocho, 228 - A Gu",Pontevedra,MOAÑA,36955,986 240 294,info@aister.es,España,ES,,,EUR,General
000176,,AINTEC BAHIA S.A.,,,,,,,,,,Contado,EUR,General
000177,A08002883,ASEA BROWN BOVERI,"C/Romualdo, 13",Madrid,MADRID,28037,91 581 93 93,,España,ES,,,EUR,General
000181,A28016814,AL AIR LIQUIDE ESPAÑA S.A.,"C/San Norberto, 23 - Villaverd",Madrid,MADRID,28021,91 502 95 97,,España,ES,,,EUR,General
000186,,AIR EUROPA LINEAS AEREAS,,,,,,,,,,Contado,EUR,General
000187,,ASTURFEITO SLU - FRENOS DE TAMBOR,,,,,,,,,,Contado,EUR,General
000188,,ASTILLEROS DE SEVILLA S.A.,,,,,,,,,,Contado,EUR,General
000189,B95498192,APEL-GRUAS S.L.U.,Pol. Ind. Ugaldeguren III  - P,Vizcaya,ZAMUDIO,48170,944 675209,,España,ES,,,EUR,General
000190,B83195966,"ARIES COMPLEX AERONAUTICA, S.L.","Avda. de la Industria, 19",Madrid,TRES CANTOS,28760,,,España,ES,,Pago a 85 días f.f.,EUR,General
000191,B83195933,"ACITURRI COMPOSITES, S.L.U.",Parque Tecnológico Boecillo -,Valladolid,BOECILLO,47151,983 546633,,España,ES,,Pago a 75 días f.f.,EUR,General
000192,,ABANTIA TICSA S.A.,,,,,,,,,,Contado,EUR,General
000193,A95113361,ACCIONA AGUA S.A.U.,,Madrid,,,,,,ES,,,EUR,General
000194,B36614816,"ASTILLEROS M CIES, S.L.",FRAGOSIÑO 59,Pontevedra,SAN PEDRO DE SARDOMA,36214,,,,ES,,Contado,EUR,General
000202,,"CIA. TRASMEDITERRANEA, S.A.",,,,,,,,,,Contado,EUR,General
000214,,"CONTRATAS MERODIO, S.L.",,,,,,,,,,Contado,EUR,General
000216,,BANSALEASE S.A. EFC,,,,,,,,,,Contado,EUR,General
000217,,BANCO SABADELL S.A.,,,,,,,,,,Contado,EUR,General
000218,,BANKOA S.A.,,,,,,,,,,Contado,EUR,General
000219,A11000403,BOLUDA LINES S.A.,"Av. Petrolíferas, Parc. C-14,",Las Palmas,LAS PALMAS DE GRAN CANARIA,35008,,,España,ES,,,EUR,General
000220,,BANCO BILBAO VIZCAYA,,Madrid,,,,,,ES,,Contado,EUR,General
000221,,RENAULT ESPAÑA,,,VALLADOLID,,983417313,,,,,,EUR,General
000302,Q28/17003-C,CEPYC,Antonio López. 81,Madrid,MADRID,28026,91 3357700,,España,ES,,Transferencia a 60 días f.f.,EUR,General
000327,,CARRETILLAS LOYMAN S.L.,,,,,,,,,,Pago a 85 días f.f.,EUR,General
000329,,CANTABRASIL  S.A.,,,,,,,,,,Contado,EUR,General
000330,B-63579429,COMPACT HABIT S.L.,"Polígono Ind. ""La Cort"", C/Mar",Barcelona,CARDONA,08261,677969013,JESUS.CODINA@COMPACTHABIT.COM,España,ES,,,EUR,General
000331,A48049043,CONSIGNACIONES TORO Y BETOLAZA S.A.,"San Vicente, 8 - Edif. Albia,",Vizcaya,BILBAO,48001,944 252600,,España,ES,,Transferencia a 60 días f.f.,EUR,General
000332,,CONCELLO DE SARREAUS,,,,,,,,,,Contado,EUR,General
000333,,"CONTECH S,A.",,,,,,,,,,Contado,EUR,General
000335,A31085640,M. TORRES DISEÑOS INDUSTRIALES S.A.,CARREERA hUESCA KM 9,Navarra,TORRES DE LEROZ,31119,,,,ES,,Transferencia a 60 días f.f.,EUR,General
000337,G15028947,CAJA AHORROS DE GALICIA,Rua Nueva 30-32,La Coruña / A Coruña,A CORUÑA,15003,,,,ES,,Contado,EUR,General
000338,A79997136,C.A. METROPOLITAN S.A.,JOAQUIN TURINA NUM. 2,Madrid,POZUELO DE ALARCON,28224,,,,ES,,Contado,EUR,General
000339,B95388450,CONST. NAVALES DEL NORTE S.L.,RIBERA DE LA RIA S/N,Vizcaya,SESTAO,48910,94 4858600,,España,ES,,Transferencia a 60 días f.f.,EUR,General
000340,A50025287,CARGOTEC IBERIA S.A.,CALLE LIMITE S/N P.I. LAS FRON,Madrid,TORREJON DE ARDOZ,28850,,,,ES,,Transferencia a 60 días f.f.,EUR,General
000401,,DEAL S.L.,"Pol. Industrial San Vicente, C",Barcelona,CASTELLBISBAL,08755,,,España,ES,,,EUR,General
000402,,DAVIS ENGINEERING LIMITED,"1260 Oln Innes Road - Ottawa,",Extranjero,ONTARIO,K1B 3,613 748 5500,,Canadá,CA,,,CND,Exento
000403,,DIFEM S.A.,,Madrid,,,,,,ES,,Contado,EUR,General
000407,,DIQUES Y ASTILLEROS NACIONALES CA,,,,,,,,,,Contado,EUR,General
000408,,DOBLE A PROTECCION SOLAR S.L.,,,,,,,,,,Contado,EUR,General
000409,B36567642,DISNAU- Distribuciones Naúticas de Galicia 2007,"Avda. José maría Castroviejo,",Pontevedra,CANGAS DO MORRAZO,36940,670314499 (Com),,España,ES,,,EUR,General
000414,,DAFOE INVERSIONES S.L.,,Madrid,,,,,,ES,,,EUR,General
000502,,"EXPLOTACIONES RUIZSEBAS, S.A.",,Madrid,,,,,,ES,,,EUR,General
000511,A48093918,"G. ELEXALDE, S.A","Pol. Ind. Zubieta, 3, U.I. 11",Vizcaya,AMOREBIETA,48340,94 6300060,,España,ES,,Transferencia a 60 días f.f.,EUR,General
000522,B11200680,"ELIAS BLANCO,  S.L.","Avda. Gesto por la Paz, s/n, (",Cádiz,ALGECIRAS,11206,956 632200,,España,ES,,Transferencia a 60 días f.f.,EUR,General
000524,A26014233,EMAR MANUFACTURAS METALICAS SA,,Madrid,,,,,,ES,,Contado,EUR,General
000531,,"ESTUDIOS, PLANIF. Y GEST. TECNICA",,,,,,,,,,Contado,EUR,General
000534,B74114687,EURONORT INDUSTRIAL S.L.L.,"C/Río Narcea, 29 - Bajo",Asturias,GIJON,33210,984 39 70 70,,España,ES,,Contado,EUR,General
000537,,ELSADE MANUTENCION S.L.,,,,,,,,,,Contado,EUR,General
000538,,EADS CASA ESPACIO S.L.,,,,,,,,,,Contado,EUR,General
000603,,FREESE,,Madrid,,,,,,ES,,,EUR,General
000618,,FAGOR ARRASATE S. COOP,,,,,,,,,,Contado,EUR,General
000620,A36600740,FACTORIAS VULCANO S.A.,,Madrid,,,,,,ES,,Contado,EUR,General
000624,A03083763,FORADIA SAL,"C/Severino Albarracín, 3-5",Alicante / Alacant,ALCOY,03804,96 5333346,,España,ES,,,EUR,General
000625,F20025292,FAGOR EDERLAN S. COOP.,"Torrebaso Pasealekua, 7 (Apdo",Guipúzcoa,ESKORIATZA,20540,943 719000,,España,ES,,Transferencia a 60 días f.f.,EUR,General
000626,B50386879,MOLINOS ALFAU S.L.,"Pol. Ind. ""Los Royales"", s/n -",Zaragoza,PINA DE EBRO,50750,976 166 552,,España,ES,,,EUR,General
000627,,MPO LISBOA LDA,,,,,,,,,,Contado,EUR,General
000629,,MORTON TRES INT.,,,,,,,,,,Contado,EUR,General
000630,,MAREIPORT S.A.,,,,,,,,,,Contado,EUR,General
000631,,FOSTER WHEELER ENERGIA S.A.,,,,,,,,,,Contado,EUR,General
000632,,FRED OLSEN S.A.,,,,,,,,,,Contado,EUR,Exento
000633,,FUNDACIONES DURANGO,,,,,,,,,,Contado,EUR,General
000703,A36612547,"M. GONZÁLEZ SUÁREZ, S.A.","Rúa da Iglesia, 26-28, 29",Pontevedra,BEMBRIVE-VIGO,36313,986 424 560,compras@gonsusa.es,España,ES,,,EUR,General
000712,A95318879,"GAMESA ENERGY TRANSMISSION, S.A.U.","Parque Tecnológico de Zamudio,",Vizcaya,ZAMUDIO,09340,947 177 144,,España,ES,,,EUR,General
000714,U-35922640,GROUNDFORCE UTE GRAN CANARIA,Aeropuerto GANDO-TELDE,Las Palmas,TELDE,35230,928 579 335,claudio.robaina@globalia-corp.com,España,ES,,Transferencia a 60 días f.f.,EUR,General
000715,,"GE WIND ENERGY, S.L.",,,,,,,,,,Contado,EUR,General
000716,,GESTION Y SERVICIO HIDRONEUMATICO,,,,,,,,,,Contado,EUR,General
000717,B36352235,GALLEGA DE SUMIN. INDUST. 2020,P.I.LALIN 2000-FASE III 15.1 Y,Pontevedra,LALIN,36500,,,,ES,,Pago a 85 días f.f.,EUR,General
000718,U35922640,GLOBALIA HANDLING SAU,OFICINA GROUNFORCE,Las Palmas,AEROPUESTO DE GANDO-TELDE,35230,,,,ES,,Transferencia a 60 días f.f.,EUR,General
000801,,GVA KREFELD,,Madrid,,,,,,ES,,,EUR,General
000803,,HANAGA S.L.,,,,,,,,,,Contado,EUR,General
000806,,HIAB CRANES S.A.,,Madrid,,,,,,ES,,Contado,EUR,General
000809,,HABIDITE PROYECTS S.A.,,,,,,,,,,Contado,EUR,General
000810,,HYDROPYC S.L.,,,,,,,,,,Contado,EUR,General
000902,,INVERIBIZA 2005 S.L.,,Madrid,,,,,,ES,,,EUR,General
000930,B-58584582,"JOSE LLINAS E HIJOS, S.L.","Carretera Circunvalación, Tram",Barcelona,BARCELONA,08040,93 2235772,,España,ES,,,EUR,General
000931,B34103952,INMAPA-INDUSTRIAL MATRICERA PALENTINA,"Carretera de Oalencia a Magaz,",Palencia,VILLAMURIEL DE CERRATO,34080,979165968 (Aero,,España,ES,,Transferencia a 60 días f.f.,EUR,General
000935,,IBERCONT CONTAINER MANUFACTURER SL,,,,,,,,,,Contado,EUR,General
000939,,JSV LOGISTICA S.L.,,,,,,,,,,Contado,EUR,General
000940,,IMEFY,,,,,,,,,,Contado,EUR,General
000941,A50219807,IBERCAJA LEASING Y FINANCIACION,"PASEO DE LA CONSTITUCION 4, 1ª",Zaragoza,ZARAGOZA,50008,,,,ES,,Contado,EUR,General
001001,,"KALMAR ESPAÑA, S.A.",,Madrid,,,,,,ES,,,EUR,General
001102,,KORUS SUMINISTROS INDUSTRIALES S.A.,,,,,,,,,,Contado,EUR,General
001103,,KATLA SEAFOOD EHF,,,,,,,,,,Contado,EUR,General
001112,A48055560,"KAEFER SERVICIOS INDUSTRIALES, S.A.","C/Ribera de Erandio, 6",Vizcaya,ERANDIO,48950,94 671 07 90,compras@kaefer.es,España,ES,,,EUR,General
001201,02625456Y,LENDRINO - JUAN BAUTISTA,,Madrid,,,,,,ES,,,EUR,General
001202,39351694M,LOPEZ GARCIA - MARIA SOLEDAD,Pª PEDRO III 67 3º 1ª,Barcelona,MANRESA,08240,,,,ES,,,EUR,General
001301,,MERELLO DE MIGUEL - IGNACIO,,Madrid,,,,,,ES,,,EUR,General
001321,,"MAERSK ESPA¾A, S.A.",,,,,,,,,,Contado,EUR,General
001322,A28108819,MANUFACTURAS Y ACCESORIOS ELECTRICOS SA,La Solana núm. 15-Apartado 15,Madrid,TORREJON DE ARDOZ,28850,91 6751512,,,ES,,,EUR,General
001330,,"MULTISERV LYCRETE, S.A.",,,,,,,,,,Contado,EUR,General
001332,,MAIER S. COOP,,,,,,,,,,Contado,EUR,General
001335,,MECANIZADOS GANNAU S.L.,,,,,,,,,,Contado,EUR,General
001336,B84832989,MCH -METODO CONSTRUCTIO HABITACIONAL S.L,"Avda. Quitapesares, 11 - Parqu",Madrid,VILLAVICIOSA DE ODON,28670,,,España,ES,,Transferencia a 60 días f.f.,EUR,General
001337,B15398597,MANTENIMIENTO Y SERVICIOS TECMAN S.L.,"Carretera de Cedeira, Km. 1,5",La Coruña / A Coruña,NARON,15570,981 397 283,tecman@tecman.com.es,España,ES,,Pago a 85 días f.f.,EUR,General
001338,B61873139,MULTIMODAL MEDITERRANEA S.L.,JOSEPH CARNERR S/N TERM.RENGE,Barcelona,BARCELONA,08038,,,,ES,,Contado,EUR,General
001339,A08148710,MARITIMA DEL MEDITERRANEO S/N,AVDA. FERRANDIS SALVADOR S/N,Castellón / Castelló,GRAO DE CASTELLON,12100,,,,ES,,Contado,EUR,General
001403,B11013638,"N.S. LOURDES, S.L.","Plgno. Ind. Río San Pedro, C/V",Cádiz,PUERTO REAL,11510,956 478264,,España,ES,,,EUR,General
001410,A84076397,"NAVANTIA, S.A.","Velázquez, 132",Madrid,MADRID,28006,,,España,ES,,,EUR,General
001412,,NAVAL GIJON S.A.U.,,,,,,,,,,Contado,EUR,General
001413,A35008853,"NAVIERA ARMAS, S.A.","C/Juan Domínguez Pérez, 2 (Urb",Las Palmas,LAS PALMAS DE GRAN CANARIA,35008,928 327359,rrodriguez@naviera-armas.com,España,ES,,,EUR,Exento
001502,A48084909,OPCSA-OPERACIONES PORT.CANARIAS S.A,"Avda. de los Cambulloneros, s/",Las Palmas,LAS PALMAS DE GRAN CANARIA,35008,,,España,ES,,,EUR,Exento
001507,B48108898,"OLIVER DESIGN, S.L.","Estrada Diliz, 33",Vizcaya,GETXO,48990,94 491 40 54,oliver@oliverdesign.es,España,ES,,,EUR,General
001509,B43202076,OM MANUTENCION S.L.,Polígono Ind. Riu-Clar 167,Tarragona,TARRAGONA,43080,977 556088,,España,ES,,,EUR,General
001602,,PEREZ TORRES MARITIMAS S.L.,,,,,,,,,,Contado,EUR,General
001607,,PREVALESA S.L.,,Madrid,,,,,,ES,,Contado,EUR,General
001608,,PULIMOLD S.L.U.,,,,,,,,,,Contado,EUR,General
001610,,PREFABRICADOS DE ANDORRA SAU,,,,,,,,,,Contado,EUR,General
001611,,PULLMANTUR CRUISES ATLANTIC LTD,,,,,,,,,,Contado,EUR,General
001628,,MONCOBRA S.A.,,,,,,,,,,Contado,EUR,General
001701,,QUAIL CRUISES SHIP`MANAGEMENT,,,,,,,,,,Contado,EUR,General
001702,B83705947,QUICK MOTOR MADRID,,Madrid,,,,,,ES,,Contado,EUR,General
001803,,RAMONELL REVESTIMIENTOS S.L.,,,,,,,,,,Contado,EUR,General
001805,,REPSOL PETROLEO S.A.,,,,,,,,,,Contado,EUR,General
001806,A36631067,"REPARACIONES GENERALES NAVALES, S.A.",Bajada a La Lagoa-Espiñeiro-Te,Pontevedra,VIGO,36207,986 27 92 82,regenasa@regenasa.com,España,ES,,,EUR,General
001807,A28094712,REPSOL INVESTIGACIONES PETROLIFERAS,Paseo de la Castellana 278-280,Madrid,MADRID,28046,,,,ES,,Contado,EUR,General
001836,,RICO HUERTAS- LUIS,,,,,,,,,,Contado,EUR,General
001901,,SEBASTIAN CARAZO-JOSE ANTONIO,,Madrid,,,,,,ES,,,EUR,General
001902,,SPORTS MASTERS S.A.E.,,Madrid,,,,,,ES,,,EUR,General
001905,,SANCTI PETRI DE VIVIENDAS S.A.,,Madrid,,,,,,ES,,,EUR,General
001906,,SEBASTIAN MERELLO-MIGUEL,,Madrid,,,,,,ES,,,EUR,General
001907,07236617N,DE SEBASTIAN - GONZALO,,Madrid,,,,,,ES,,,EUR,General
001936,,SAE TUBO FABREGAT,,,,,,,,,,Contado,EUR,General
001940,,SIDENOR INDUSTRIAL S.L.,,,,,,,,,,Contado,EUR,General
001941,A81440786,SIEMENS RENTING S.A.,,Madrid,,,,,,ES,,Contado,EUR,General
001943,B15467749,SUMINDUSTRIA M.A. MONTERO,P.I. VILAR DO COLO PAR. V4,La Coruña / A Coruña,LARAXO-CABAÑAS,15622,,,,ES,,Contado,EUR,General
001945,B36846715,SUTACOR VIGO S.L.,CALLE LEVANTE 26 1º A,Pontevedra,VIGO,36206,,,,ES,,Contado,EUR,General
001946,B20790119,"SERVICANT,  S.L.","Ctra. N1, Km. 418",Guipúzcoa,OLABERRIA,20212,943 80 57 19,iservicant@servicant.com,España,ES,,,EUR,General
001948,,SERPISTA S.A.,,,,,,,,,,Contado,EUR,General
001949,,SEGRAN & TRITUSAN S.L.,,,,,,,,,,Contado,EUR,General
001950,,SIT TRANSPORTES INTERNACIONALES SL,,,,,,,,,,Contado,EUR,General
001951,,SUMIN. INDUST. Y RECAMBIOS S.L.,,,,,,,,,,Contado,EUR,General
001953,,SUMIN. IND. SERVOFLUID S.L.,P.I. JUAN CARLOS I - C/LA GRAN,Valencia / València,ALMUSSAFES,46440,,,,ES,,Contado,EUR,General
001954,SCO-020612-NK1,SMT CORPORATION S.A. DE C.V.,,Madrid,,,,,,ES,,Contado,EUR,General
002004,,TRANSMISIONES ZARAGOZA S.L.,,,,,,,,,,Contado,EUR,General
002009,,TTI TUBACEX TUBOS INOXIDABLES S.A.,,,,,,,,,,Contado,EUR,General
002101,UTE DTA - BALDU,UTE DTA - BALDUF,,Madrid,,,,,,ES,,,EUR,General
002117,,TCB TERMINAL CONTENIDORS DE BARCELO,,,,,,,,,,Contado,EUR,General
002118,B33037292,TRANSPORTES HNOS. CORTES S.L.,CALLE GALIANA 2,Asturias,AVILES,33400,,,,ES,,Pago a 85 días f.f.,EUR,General
002119,B81462590,TGA INGENIERIA GRAFICA S.L.,Pol. Ind. San José de Valderas,Madrid,LEGANES,28918,91 6211880,,España,ES,,,EUR,General
002126,,"TERMINAL CATALUNYA, S.A.",,,,,,,,,,Contado,EUR,General
002129,,TCV-STEVEDORING COMPANY S.A.,,,,,,,,,,Contado,EUR,General
002133,,TRANSP. ALONSO SALCEDO S.A.,,,,,,,,,,Contado,EUR,General
002137,A28447886,"TEC CONTAINER, S.A.","C/Tajo, 19, Pol. Ind. ""LAS ACA",Madrid,MEJORADA DEL CAMPO,28840,91 3021638,,España,ES,,Transferencia a 60 días f.f.,EUR,General
002138,,"TIERRA ARMADA, S.A.",,,,,,,,,,Contado,EUR,General
002139,,TRACTAMENT METROPOLITæ DE FANGS S.L,,,,,,,,,,Contado,EUR,General
002140,,TRANSMAPI BALEARIA,,,,,,,,,,Contado,EUR,General
002141,A28810182,TEM GORRIS,,Madrid,,,,,,ES,,Contado,EUR,General
002142,A53817359,TERMINAL MARITIMAS DEL SURESTE SA,aVENIDA DE lORING 6 eNTLP K,Alicante / Alacant,ALICANTE,03003,,,,ES,,Contado,EUR,General
002143,A12036091,NOATUM TERMINAL CASTELLON S.A.,MUELLE CENTENARIO S/N,Castellón / Castelló,GRAO DE CASTELLON,12100,,,,ES,,Contado,EUR,General
002203,,VELTIAN S.A.,,Madrid,,,,,,ES,,,EUR,General
002204,VME640813HF6,VOLKSWAGEN DE MEXICO S.A. DE C.V.,Autopìsta México-Puebla Km. 11,Extranjero,PUEBLA (MEXICO),72700,+52 (222) 23090,,Méjico,MX,,,EUR,Exento
002205,A96758842,UNION NAVAL VALENCIA S.A.,,Madrid,,,,,,ES,,Contado,EUR,General
002206,U85697712,UTE AMPLIACION ATOCHA,AVDA. CAMINO DE SANTIAGO 50,Madrid,MADRID,28050,,,,ES,,Contado,EUR,General
002207,E84506633,ALVAREZ SIERRA  C.B.,"Claudio Coello, 112",Madrid,MADRID,28006,915613292,D_TEXTIL@HOTMAIL.COM,,ES,,,EUR,General
003000,E84506633,"ALVAREZ SIERRA, C.B.","C/Claudio Coello, 112",Madrid,MADRID,28006,91 561 32 92,d_textil@hotmail.com,España,ES,,,EUR,General
003001,,TAYCO MACHINERY,,,,,902 300 407,fpalomera@taycomachinery.com,,,,,EUR,General
003002,CAM-01197210,JOSEPH TIMOLEON NSERE,"Avda. de la Libertad, 115",GUINEA ECUATORIAL,MALABO,0653,00 240 25 17 07,,Europa,GQ,,,EUR,En exportación
003003,A45699998,"AERNNOVA COMPOSITES, S.A.","Vía Tarpeya, s/n",Toledo,TOLEDO,45007,925 269 504,,España,ES,,Transferencia a 60 días f.f.,EUR,General
003004,B70080494,"TECAIS, S.L.","Pol. Ind. Río do Pozo, Parc. 1",La Coruña / A Coruña,NARÓN,15573,981 396 082,,España,ES,,,EUR,General
003005,,HORTA COSLADA CONSTRUCCIONES METALICAS S.L.,"Camino del Corral, s/n",Madrid,Camarma de Esteruelas,28816,91 886 5970,javier.farina@hortacoslada.com,España,ES,,,EUR,General
003006,S-2800147-G,MINISTERIO DE DEFENSA-CUARTEL GRAL ARMADA,Arsenal de la Carraca,Cádiz,SAN FERNANDO,11100,956 827 991,pfuemar@fn.mde.es,España,ES,,,EUR,Exento
003007,B35455989,"FRANOLI, S.L.","C/Mahon, 6, 3º B",Las Palmas,LAS PALMAS DE GRAN CANARIA,35008,928 469227,mail@franoli.com,España,ES,,,EUR,General
003008,,MOSTOLES INDUSTRIAL S.A.,,,,,91 664 8800,juangarcia@moinsa.es,,,,,EUR,General
003009,,"SEDEMAN 2002, S.L.U.","Pol. Torrezar, s/n - Modulo 1",Vizcaya,OROZKO,48410,946 339 836,antxorka@amce-manutencion.com,España,ES,,,EUR,General
003010,,"JOMISA-SUMINISTROS INDUSTRIALES Y NAVALES, S.L.","C/Iturriondo, 18 - P.A.E. Ibar",Vizcaya,LEIOA,48940,94 480 39 54,jomisaspain@terra.es,España,ES,,,EUR,General
003011,A08279093,METALBAGES,Poligono Industrial Santa Anna,Barcelona,SANTPEDOR,08251,93 827 3944,joller@mb.gestamp.com,España,ES,,,EUR,General
003012,,ENDESA GENERACION,,,,,,francisconaranjo@endesa.es,,,,,EUR,General
003013,Q2822003F,INSTITUTO NACIONAL DE TECNICA AEROESPCACIALES,"Ctra. de Torrejón a Ajalvir, K",Madrid,TORREJÓN DE ARDOZ,28850,91 520 64 67,mosqueravj@inta.es,España,ES,,Transferencia a 60 días f.f.,EUR,General
003014,B15225055,"GABADI, S.L.","P.I. Río Do Pozo, Avda. Jesús",La Coruña / A Coruña,NARON,15573,981 397301,,España,ES,,Transferencia a 60 días f.f.,EUR,General
003015,A12094678,"ASFIBE, S.A.","Avda. Marques de Benicarló, 39",Castellón / Castelló,BENICARLO,12580,964 47 44 17,,España,ES,,,EUR,General
003016,A62906219,"LASER SALELLES, S.A.","Polígono Ind. Salelles, 11, C/",Barcelona,SANT SALVADOR DE GUARDIOLA,,,,España,ES,,,EUR,General
003017,,"ARCELORMITTAL ESPAÑA, S.A.","Factoría Avilés, s/n",Asturias,Trasona-Corvera,33400,985126609,,España,ES,,,EUR,General
003018,B50672146,"TRANSMISIONES Y RODAMIENTOS GMC, S.L.","C/GURREA DE GALLEGO,  5",Zaragoza,ZARAGOZA,50014,976 473377,pedro@trans-gmc-rod.com,España,ES,,,EUR,General
003019,B45620184,"PROINCAR-PROYECTOS INDUSTRIALES CARMONA, S.L.",Polígono Ind. MONTEBOYAL (3ª f,Toledo,CASARRUBIOS DEL MONTE,45950,91 8183470,administracion@aplince.e.telefonica.net,España,ES,,,EUR,General
003020,,REMCAR SRL,,,,,0368414027,dragos.caraghin@remcar.ro,Rumanía,RO,,,EUR,General
003021,,INDUSTRIAS RIOS S.L.,,,,,983291484,r.vega@industriasrios.com,,,,,EUR,General
003022,A3396,"ASTURMASA - ASTURIANA DE MAQUINARIA, S.A.","Avda. de Gijón, 72",Asturias,AVILES,33400,985 129068,,España,ES,,Transferencia a 60 días f.f.,EUR,General
003023,B70161351,"TAPICERIAS A RIA NARON, S.L.","Ctra. de la Gándara, 341, Bajo",La Coruña / A Coruña,NARON,15570,629 337 497,,España,ES,,Contado,EUR,General
003024,05346850V,"SERMARE, S.A. - Servicio Madrileño de Recambios","C/Gerardo Cordón, 1",Madrid,MADRID,28017,91 4043905,,España,ES,,Contado,EUR,General
003025,,HOLMATRO INDUSTRIAL EQUIPMENT,Lissenveld 30,Extranjero,Raamsdonksveer (THE NETHERLAND,4940,+31 162 751500,,Holanda,NL,,,EUR,Exento
003026,B12075131,"SIR-SUMINISTROS INDUSTRIALES Y RECAMBIOS, S.L.","Pol. Ind. Los Cipreses, Nave 4",Castellón / Castelló,CASTELLÓN,12006,902 995914,sir@sir.es,España,ES,,,EUR,General
003027,,"IBERESPACIO - IBERICA DEL ESPACIO, S.A.","Fuencarral, 123, 5ª planta",Madrid,MADRID,28015,91 4441500,mfx@iberespacio.es,España,ES,,,EUR,General
003028,,FORGITAL,,,,,,,,,,,EUR,General
003029,,"MOBILIFT PORTUGAL, LDA.","Rua do Cabeço de Vigia, 1-3 -",Extranjero,PALMELA,2951-,+351 212 338130,,Portugal,PT,,,EUR,General
003030,B11072980,CAMENAVAL S.L,"POL.IND.FADRICAS.C/ HILADORES,",Cádiz,SAN FERNANDO,11100,956 887632,CAMENAVAL@YAHOO.ES,España,ES,,,EUR,General
003031,,SUMINISTROS BEYMA,,,,,968 441516,ventas@suministrosbeyma.com,,,,,EUR,General
003032,B30451017,"TALLERES RUIZ ROJO, S.L.","Ctra. Nacional 340, Km. 606",Murcia,"LA HOYA, LORCA",30816,968 481747,roki@gruasruizrojo.com,España,ES,,,EUR,General
003033,A43030626,"REPASA-REMOLCADORES DE PUERTO Y ALTURA, S.A.","Moll Reus, s/n - Edif. Fruport",Tarragona,TARRAGONA,43001,977 252565,,España,ES,,,EUR,General
003034,B15448624,"MONCINA, S.L.","Avda. Dos Camistas, 49 - Pol.",La Coruña / A Coruña,NARON,15578,981 397017,,España,ES,,Contado,EUR,General
003035,B59559351,"CELSA - COMPAÑIA ESPAÑOLA DE LAMINACION, S.L.","Pol. Industrial ""SAN VICENTE"",",Barcelona,CASTELLBISBAL,08755,93 773 04 00,,España,ES,,,EUR,General
003036,GPU 060529659,GONVAUTO PUEBLA DE C.V.,"Avenida Automoción, núm. 8",Extranjero,San Lorenzo de Almecatla - CUA,72710,,,Méjico,MX,,Transferencia a 60 días f.f.,EUR,Exento
003037,,SERRA SOLDADURA,,,,,,,,,,,EUR,General
003038,,TADECAR CARRETILLAS,,,,,,,,,,,EUR,General
003039,B50029263,"INDUSTRIAS LEBLAN, S.L.",Pol. Malpica Alfinden - Ctra.,Zaragoza,LA PUEBLA DE ALFINDEN,50171,976 455 602,proveedores@leblan.com,España,ES,,,EUR,General
003040,B83195966,"ARIES COMPLEX AERONAUTICA, S.L.","Avda. de la Industria, 19",Madrid,TRES CANTOS,28760,,,España,ES,,Pago a 85 días f.f.,EUR,General
003041,A38001657,"CAPSA-COMPAÑÍA AUXILIAR DEL PUERTO, S.A.","Muelle Bufadero, Carretera San",Sta. Cruz de Tenerife,SANTA CRUZ DE TENERIFE,38180,922 842429,,España,ES,,,EUR,General
003042,4421721D,SHERRITT OVERSEAS CORP.,"C/Eduardo Benot, 5 2º B",Las Palmas,LAS PALMAS DE GRAN CANARIA,35007,,,España,ES,,Contado,EUR,Exento
003043,,"GUADAIRA AIRCRAFT MAINTENANCE, S.A.",,,,,95 632 43 00,patricia.baston@gam-aviation.es,,,,Contado,EUR,General
003044,A48065908,"HARSCO METALS LYCRETE, S.A.U.","C/Las Mercedes, 25, 4º",Vizcaya,LAS ARENAS,48930,94 4804400,,España,ES,,,EUR,General
003045,GB522481759,ALTAIR FILTER TECHNOLOGY LTD,"Omega Park, Alton, Hampshire G",,HAMPSHIRE,GU34,+44 1420 541188,,Gran Bretaña,GB,,,GBP,U.E.
003046,B28858454,"RODA PLAST, S.L.","C/México, 17 - Pol. Ind. Los O",Madrid,ALCALA DE HENARES,28806,91 881 12 10,glillo@rodaplast.com,España,ES,,,EUR,General
003047,B36625614,"CARPINTERIA NAVAL NIETO, S.L.",Muelle de Reparaciones Bouzas,Pontevedra,VIGO,36208,986 235238,,España,ES,,,EUR,General
003048,,ARITEX CADING,,,,,,,,,,,EUR,General
003049,,LAPESA,,,,,,GERARDO.CONCHESU@LAPESA.ES,,,,,EUR,General
003050,,ENSA,,,,,,cifrian.francisco@ensa.es,,,,,EUR,General
003051,,100 TONN,,,,,,,,,,Contado,EUR,General
003052,A-20012563,"MUNKSJO PAPER, S.A.",Barrio Eldua,Guipúzcoa,BERASTEGUI,20492,943 683 032,fernando.pastor@es.munksjo.com,España,ES,,Pago a 85 días f.f.,EUR,General
003053,,LIFTTRUCK,,,,,,kolasov@lifttruck.ru,Rusia,RU,,Pago a 50 días f.f.,EUR,General
003054,A48714067,"HARSCO METALS GESMAFESA, S.A.","Chavarri, 6",Vizcaya,SESTAO,48910,94 496 08 61,,España,ES,,Transferencia a 60 días f.f.,EUR,General
003055,DE247457517,VOITH INDUSTRIAL SERVICES MECHANICAL ENGINEERING GMBH & CO. KG,Friedrich-List-Strasse 2c,Extranjero,RADEBEUL (GERMANY),01445,+49 351 2704914,,España,ES,,,EUR,U.E.
003056,,UECC,,,,,,,,,,,EUR,General
003057,,TUBSA,,,,,,lorenzo.fernandez@flexngate.es,,,,Pago a 50 días f.f.,EUR,General
003058,B46965000,"SERVOFLUID-SUMINISTROS INDUSTRIALES SERVOFLUID, S.L.",O.I. Juan Carlos I - C/La Gran,Valencia / València,ALMUSSAFES,46440,961767670,FELIX@SERVOFLUID.ES,España,ES,,Pago a 50 días f.f.,EUR,General
003059,,SENER,,,,,,,,,,Pago a 85 días f.f.,EUR,General
003060,ESB48063838,MARITIMA CANDINA S.L,"SANVICENTE 8, EDIFICIO ALBIA I",Vizcaya,BILBAO,48001,,,España,ES,,Contado,EUR,General
003061,A-80366321,THYSSENKRUPP GALMED,,,,,,,,,,Pago a 85 días f.f.,EUR,General
003062,1094029001373,SEVERSTAL GONVARRI KALUGA,Zavodskaya ul. 57;   (Russian,,Kaluga,24800,,,Rusia,RU,,,EUR,En exportación
003063,,STILL,,,,,,,España,ES,,,EUR,General
003064,A99119430,HABIDITE TECHNOLOGIES ZARAGOZA SA,"POLÍGONO MONTECILLO, ÁREAS 1-4",Zaragoza,MAGALLON,50520,,,España,ES,,,EUR,General
003065,,GONVARRI,,,,,,,,,,,EUR,General
003066,,SEACOM,,,,,,,,,,,EUR,General
003067,,WHIRPOOL,,,,,,,,,,Pago a 85 días f.f.,EUR,General
003068,,SISTEMAS MECANICOS AVANZADOS,,,,,,,,,,,EUR,General
003069,S-2816003D,DIRECCION GENERAL DE LA POLICIA Y GUARDIA CIVIL,GUZMAN EL BUENO 110,Madrid,MADRID,28003,91 5146000,,España,ES,,,EUR,General
003070,A78067725,TIPSA,"C/Portugal, 42",Madrid,MEJORADA DEL CAMPO,28840,91 6791811,,España,ES,,,EUR,General
003071,B95186409,"S.A.T. APEL, S.L.","Pol. Ugaldeguren III, Parc. 23",Vizcaya,ZAMUDIO,48170,94 4675209,,España,ES,,,EUR,General
003072,A48006894,"J.L. GANDARA Y CIA., S.A.","José Luis Goyoaga, 36, Pab. 3",Vizcaya,ERANDIO,48950,93 2214950,,España,ES,,,EUR,General
003073,,THYSSEN KRUPP,E-46520 Puerto Sagunto ( Valen,Valencia / València,,,96-2699572,carlos.hernandez-silla@thyssenkrupp.com,España,ES,,,EUR,General
003074,,METALICO S.L,,Lugo,LUGO,,696452301,,España,ES,,,EUR,General
003075,,COSERMO S.L,,Gijon,,33393,,,España,ES,,Contado,EUR,General
003076,BE0413480811,CARGOTEC BELGIUM NV,Heizegemweg 7,Extranjero,ANTWERPEN,2030,+32 3 545 96 82,pol.lenaerts@cargotec.com,Bélgica,BE,,,EUR,General
003077,FR17698800935,BOMBARDIER TRANSPORT FRANCE,Place des ateliers BP 1,Extranjero,CRESPIN,59154,,,Francia,FR,,Transferencia a 60 días f.f.,EUR,U.E.
003078,A-61262143,"CM4 ENGINYERIA, S.A.",ULL DE LLEBRE 38.PARC.EMPRESAR,Barcelona,CERVELLO-BARCELONA,08758,936605023,,España,ES,,Transferencia a 60 días f.f.,EUR,General
003079,B-07973415,MEDITERRANEA PITIUSA S.L,DOS ESTANQUES BAJOS,islas Baleares,LA SAVINA,07870,971 323 283,recambios@medpitiusa.net,España,ES,,,EUR,General
003080,B30680540,"NAUTICA VARADERO MANTENIMIENTO NAVAL E INDUSTRIAL, S.L.","Paraje El Lentiscar, s/n",Murcia,LA APARECIDA (CARTAGENA),30395,968 505693,nauticavaradero@nauticavaradero.com,España,ES,,,EUR,General
003081,B65338758,"TACER GESTION, S.L.","Urgell, 35, 2º, 2ª   - Apdo. P",Barcelona,MANRESA,08241,93 8273132,,España,ES,,Transferencia a 60 días f.f.,EUR,General
003082,A31004526,"RENOLIT HISPANIA, S.A.",Polígono San Miguel - Avda. Lo,Navarra,VILLATUERTA,31132,948 556315,rh@renolit-hispania.com,España,ES,,Pago a 85 días f.f.,EUR,General
003083,A-39000187,"ASTANDER-ASTILLEROS DE SANTANDER, S.A.","Fernández Hontoria, 24",Cantabria,EL ASTILLERO,39610,942 209149,compras@astander.es,España,ES,,Pago a 85 días f.f.,EUR,General
003084,,"SUMINISTROS Y FABRICACIONES DEL AUTOMOVIL, S.L.","C/Iplacea, 10, Nave 1.13 - Pol",Madrid,ALCALA DE HENARES,28803,91 8815725,,España,ES,,,EUR,General
003085,A30020739,MADERAS JUMILLA S.A,AVENIDA DE MURCIA S/N,Murcia,JUMILLA,30520,968 780 648,,España,ES,,Pago a 85 días f.f.,EUR,General
003086,,CEHIPAR,,,,,,,,,,Pago a 85 días f.f.,EUR,General
003087,A78275666,"ALE HEAVYLIFT IBERICA, S.A.","C/San Romualdo, 26, 6a",Madrid,MADRID,28037,91 8875845,,España,ES,,,EUR,General
003088,B31890205,"GAMESA INNOVATION AND TECHNOLOGY, S.L.U.","Avda. Ciudad de la Innovación,",Navarra,SARRIGUREN,31621,902 734949,,España,ES,,Pago a 85 días f.f.,EUR,General
003089,,VAICO,,,,,,,,,,,EUR,General
003090,,FCC,,,,,,,,,,,EUR,General
003091,,EYHER,,,,,,,,,,,EUR,General
003092,A28826477,"ALFALAND,S.A.","C/del Horcajo, 20 - Edif. 1, 1",Madrid,PINTO,28320,976 464722,,España,ES,,Pago a 85 días f.f.,EUR,General
003093,P2805800F,AYUNTAMIENTO DE FUENLABRADA-CONS. BIENESTAR SOCIAL,"Plaza de la Constitución, s/n",Madrid,FUENLABRADA,28943,,,España,ES,,Contado,EUR,General
003094,,FELGUERA CALDERERÍA PESADA,,,,,,,,,,,EUR,General
003095,,FLUIDMECANICA SUR,"Pol. Ind. de la Gándara, C/del",La Coruña / A Coruña,NARON,15407,981 333 050,alarranaga@fluidmecanicasur.es,España,ES,,Contado,EUR,General
003096,A48295604,"HARSCO METALS IBERICA, S.A.","Las Mercedes, 25, 4º  - Aparta",Vizcaya,Las Arenas,48930,94 480 44 00,,España,ES,,,EUR,General
003097,,"MAINSA-MAQUINARIA INDUSTRIAL SANTANDER, S.L.","Recta de Heras, Km. 11",Cantabria,HERAS,39792,942 55 95 94,,España,ES,,,EUR,General
003098,DE814587991,"GIS EUROPE SE, GERMAN BRANC",Schlossstr. 7b,Extranjero,Reinbek b. Hamburg,21465,+49 40 73091855,asoffe@giseurope.net,Alemania,DE,,,EUR,U.E.
003099,B85696797,"CERTEL - CERQUIA TECHNOLOGY LOGISTICS, S.L.","Avda. de Lyon, 2 -Pol. Ind. Ro",Guadalajara,AZUQUECA DE HENARES,19200,949 267 811,certel-logistica@certel.es,España,ES,,,EUR,General
003100,,IDPSA,,,,,,,,,,,EUR,General
003101,,AMT LOGISTICS LIMITED,"Hill Business Park, Iddesleigh",Extranjero,DEVON,EX19,01837 811144,,Gran Bretaña,GB,,Contado,EUR,General
003102,B15373515,"GALMAN-GALLEGA DE MANUTENCION GALMAN, S.L.",Pol. Ind. Vidrieiro; Parc 16,La Coruña / A Coruña,PONTEDUEME,15614,981 795544,,España,ES,,Transferencia a 60 días f.f.,EUR,General
003103,,ROSNI,,,,,,,,,,,EUR,General
003104,FEIN 52-212554,"CAF USA, Inc.",300 East 18th Street,Extranjero,"Elmira Heights, NY 14903",ny 14,+00 1 607 73252,,USA,US,,,EUR,Exento
003105,B39636683,"PAC MACHINERY EUROPA, S.L.",Ciudad del transporte 1 y 2,Cantabria,SANTANDER,39012,902 300 407,,España,ES,,,EUR,General
003106,,GESBEY ENERJI TÜRBINI KULE ÚRETIM SANAYI VETICARET ANONIM SIRKETI,17 Eylül Mahallesi Atatürk,Extranjero,Caddesi No: 64/2 Bandirma,64/2,,,Turquía,TR,,,EUR,General
003107,A48644264,"BRAMMER IBERIA, S.A.","Pol. Ind. Erletxe, Plat. D-152",Vizcaya,GALDACANO,48960,944 57 94 53,alfonso.vazquez@brammer.biz,España,ES,,,EUR,General
003108,B64047640,"ALSTOM HYDRO ESPAÑA, S.L.","WTC-Almeda Park, bloque 3, 3ª",Barcelona,CORNELLA,08940,3 4714361,,España,ES,,,EUR,General
003109,,COMPOCARR,,,,,,,,,,Pago a 85 días f.f.,EUR,General
003110,,INVENTIA,,,,,,,,,,,EUR,General
003111,,C.L.A. CENTRO LOGISTICO ALFALAND,"C/Encina, 8",Zaragoza,LA PUEBLA DE ALFINDEN,50171,976 189 197,sbenito@alfaland.es,España,ES,,,EUR,General
003112,BE0819362463,VDH-Machines - Lifting & Transport Solutions,Goordijk 34,Extranjero,OUD-TURNHOUT,B-236,+32 (0) 14 4111,,Bélgica,BE,,Contado,EUR,U.E.
003113,,MAGNOX NORTH,,,,,,,,,,,EUR,General
003114,A45020492,"JUPASA, S.A.","Ctra. Madrid-Toledo, Km. 43,10",Toledo,YUNCOS,45210,925 537101,,España,ES,,,EUR,General
003115,B20913513,"ASTILLEROS ZAMAKONA PASAIA, S.L.","Bordalaborda, s/n",Guipúzcoa,PASAJES,20110,943 344 100,,España,ES,,Pago a 85 días f.f.,EUR,General
003116,B64240179,"HEAVY MOVEMENT, S.L.",Ctra. Nacional Km. 152,Barcelona,Santa Perpetua de Mogoda,,93 2895681,,España,ES,,,EUR,General
003117,A31936941,"COMPASS TRANSWORLD LOGISTICS, S.A.","Plaza de Europa, 12, 1ª Planta",Navarra,IMARCOAIN,31119,944 030904,,España,ES,,Pago a 85 días f.f.,EUR,General
003118,A28185072,"UBE CHEMICAL EUROPE, S.A.","Polígono El Serrallo, s/n  - A",Castellón / Castelló,CASTELLÓN,12100,964 738000,,España,ES,,,EUR,General
003119,,MIZAR,,,,,,,,,,,EUR,General
003120,A-36608313,"DELEGACIONES REUNIDAS NOVOFRI, S.A.","C/ Pizarro, 29 - Apartado 669",Pontevedra,Vigo,36200,986 416055,,España,ES,,,EUR,General
003121,B36711638,"INDUSTRIAS DELTAVIGO, S.L.","Ctra. Peinador-Redondela, 110",Pontevedra,REDONDELA (PONTEVEDRA),36815,986 487044,,España,ES,,Transferencia a 60 días f.f.,EUR,General
003122,B15373517,"GALLEGA DE MANUTENCION GALMAN, S.L.","Pol. Ind. VIDRIEIRO, Parc. 16",La Coruña / A Coruña,PONTEDEUME,15614,981 795544,,España,ES,,,EUR,General
003123,A48529358,"PRODUCTOS TUBULARES, S.A.U.","Carretera Galindo a Ugarte, s/",Vizcaya,VALLE DE TRAPAGA,48510,944 955 011,comercial.tubos@productostubulares.com,España,ES,,Pago a 85 días f.f.,EUR,General
003124,A08517435,VAPORES SUARDIAZ MEDITERRANEO SA,C/61  nº 7-9,Barcelona,"Barcelona,España",08040,+34 932 645 906,jcana@suardiaz.com,España,ES,,,EUR,General
003125,B46553020,"TALLERES XUQUER, S.L.","C/Carlos Gomis, 8",Valencia / València,CARCAIXENT,46740,96 240 22 22,,España,ES,,,EUR,General
003126,B41982331,"TECADE-GRUPO TECADE, S.L.","Parque Ind. La Chapa, C/Herrer",Sevilla,LOS MOLARES,41750,955833811,,España,ES,,,EUR,General
003127,A33610163,"MTI-MANUFACTURAS TECNICAS E INSTALACIONES INDUSTRIALES, S.A.","Avda. de la Agricultura, 24",Asturias,GIJON,33211,98 532 56 62,,España,ES,,,EUR,General
003128,,"NERTUS MANTENIMIENTO FERROVIARIO Y SERVICIOS, S.A.","C/Antonio de Cabezón, s/n (Est",Madrid,MADRID,28034,91 300 98 98,,España,ES,,Transferencia a 60 días f.f.,EUR,General
003129,B23389455,"PLASTICOS TUCCITANOS, S.L.","Pol. Ind., Calle Alcaudete, s/",Jaén,MARTOS,23600,953 704 888,,España,ES,,Transferencia a 60 días f.f.,EUR,General
003130,,OCA MANTENIMIENTO,,,,,607535036,,,,,,EUR,General
003131,A39000013,"BANCO SANTANDER, S.A.","Paseo de Pereda, 9-12",Cantabria,SANTANDER,39004,,,España,ES,,,EUR,General
003132,,ELLIOT COMPANY,"901 N. 4th Street, Mail Drop 1",Extranjero,PA,15644,+001 724-600-88,rneurohr@elliot-turbocom,USA,US,,,EUR,En exportación
003133,,ABRASSER,,,,,,,Brasil,BR,,,EUR,General
003134,,"TRACTOMARINE-REPARACIONES INSDUSTRIALES TRACTOMARINE, S.L.","Sindicalista Luis Cobos, 17, 3",Cádiz,ALGECIRAS,11203,956572090,,España,ES,,Pago a 75 días f.f.,EUR,General
003135,B28011542,"FLOWSERVE SPAIN, S.L.","Av. Fuentemar, 26-28",Madrid,COSLADA,28823,91 6604600,,España,ES,,,EUR,General
003136,A50093764,"SERMA-SERVICIO Y MAQUINARIA ARAGONESES, S.A.","Pol. Ind. Malpica, Calle ""D"",",Zaragoza,ZARAGOZA,50016,976470457,ma.casbas@serma.es,España,ES,,,EUR,General
003137,B30612931,"MESURSA NAVAL E INDUSTRIAL, S.L.","Ctra. Cartagena-Alicante, P.In",Murcia,LA UNION,30360,968 540 011,,España,ES,,,EUR,General
003138,B72074164,"MELEGA, S.L.","Pol. Industrial ""Las Salinas d",Cádiz,11500 El Puerto de Santa María,,,,España,ES,,Pago a 75 días f.f.,EUR,General
003139,ESF75037127,"ULMA SERVICIOS DE MANUTENCION, S. COOP.","Pº Otaduy, 8, Apdo. 32",Guipúzcoa,OÑATI,20560,943 250172,,España,ES,,Pago a 75 días f.f.,EUR,General
003140,,NACOBRE,,,,,,pcervantes@elementia.com,Méjico,MX,,,EUR,General
003141,DE256634171,SEACOM TRAILER SYSTEM GMBH,"Park Tauberfranken, Haus 02",Extranjero,LAUDA-KÖNIGSHOFEN,97922,+49 9343 61442,,Alemania,DE,,,EUR,General
003142,A53293213,"BALEARIA EUROLINEAS MARÍTIMAS, S.A.","Estación Marítima, s/n",Alicante / Alacant,DENIA,03700,,,España,ES,,,EUR,General
003143,,ANUPAM,,,,,,jignesh.doshi@anupam-mhi.com,,,,,EUR,General
003144,,ANDRITZ HYDRO AG,Rue des Deux-Gares 6,Extranjero,VEVEY,CH-18,+41 21 9257700,Cedric.Blanchard@andritz.com,Suiza,CH,,,EUR,En exportación
003145,,GRUPO MERSA,,,,,,,,,,,EUR,General
003146,33526817Q,MARTA TORRES MAESTRE,DALIA 60 B-B,Madrid,ALCOBENDAS,28109,91 7585319,,España,ES,,,EUR,General
003147,,LAROUZIO SHIPPING COMPANY LIMITED,"13, Karaiskakis Street",Extranjero,LIMASSOL,3032,,,Chipre,CY,,,EUR,U.E.
003148,B27758531,"CASTELO SOLUCIONES ESTRUCTURALES, S.L.L.","POil., Ind. As Gandaras, s/n",Pontevedra,O PORRIÑO,36400,,,España,ES,,Pago a 75 días f.f.,EUR,General
003149,A23067812,"BONITRANS, S.A.U.",Pol. Ind. Cañada de la Fuente,Jaén,MARTOS,23600,953 553 300,,España,ES,,,EUR,General
003150,,AIR RAIL,,,,,,,,,,,EUR,General
003151,B81237109,"ORMAZABAL COTRADIS TRANSFORMADORES, S.L.U",Polígono Industrial El Caballo,Madrid,LOECHES,28890,91 885 15 16,,España,ES,,Pago a 55 días f.f.,EUR,General
003152,,ABB COLOMBIA,,,,,+ 57 6 3136500,benjamin.duque@co.abb.com,,,,,EUR,General
003153,,CASSIDIAN,,,,,,,,,,Contado,EUR,General
003154,,G2A MANUTENTION,"220, Avenue de Coulins",Extranjero,GEMENOS,13420,,pascal.galatola@wanadoo.fr,Francia,FR,,,EUR,U.E.
003155,A48245849,"AURTENETXEA, S.A.",Polígono Industrial Berreteaga,Vizcaya,SONDIKA,48150,902 01 37 37,,España,ES,,Pago a 75 días f.f.,EUR,General
003156,B-64240179,"STEEL LOGISTIC CANTABRIA, S.L.",Ctra. Nacional Km. 152,Barcelona,08130 Santa Perpetua de Mogoda,08130,,,España,ES,,,EUR,General
003157,,AEROCOMPOSIT,,,,,,,,,,,EUR,General
003158,A07066749,SERCOMISA,"C/Aragón, 71",Islas Baleares / Illes Balears,IBIZA,07800,,,España,ES,,,EUR,General
003159,,EURIDIS INGÉNIERIE,ZA Maison Georges,Extranjero,BEAUMONT-HAGUE,50440,+33 233 54 56 1,,Francia,FR,,Pago a 45 días f.f.,EUR,U.E.
003160,DE 813 886 429,TRANSPORT SYSTEMS SEACOM AG,Berbiceweg 5,Extranjero,NEUHAUSEN,CH-82,+41 52 6320400,,Suiza,CH,,,EUR,General
003161,B39316583,"MARLA- CARPINTERIAS METALICAS MARLA, S.L.",POLIGONO INDUSTRIAL LA CERRADA,Cantabria,MALIAÑO,39600,942 250 262,,España,ES,,,EUR,General
003162,FR56301165841,BOBST LYON,22 Rue Decomberousse,Extranjero,Villeurbanne Cedex,69628,+33 4 2 14 74 7,,Francia,FR,,,EUR,U.E.
003163,B82629205,"EUROMAROC 2000, S.L.","Estación Marítima, s/n",Alicante / Alacant,DENIA,03700,96 6427819,,España,ES,,Pago a 85 días f.f.,EUR,General
003164,B64192610,"FITMAR-BCN INGENIERIA E INTEGRACION, S.L.","C/Anoia, 33 Bajos",Barcelona,SANT ANDREU DE LA BARCA,08740,93 682 84 98,,España,ES,,,EUR,General
003165,B64368657,"BENCASA MAQUINARIA, S.L.","C/Enric Prat de la Riba, 6",Barcelona,GELIDA,08790,93 779 10 15,,España,ES,,,EUR,General
003167,A48265169,"BBV ARGENTARIA, S.A.","Plaza San Nicolás, 4",Vizcaya,BILBAO,,,,España,ES,,,EUR,General
003168,A41050113,"ITURRI, S.A.","Avda. Roberto Osborne, 5 - Apa",Sevilla,SEVILLA,41007,,,España,ES,,,EUR,General
003169,B48413348,"CORYR, S.L.","Avda. Txorierri, 46 - Po. Ind.",Vizcaya,SONDIKA,48150,94 4437033,,España,ES,,Pago a 75 días f.f.,EUR,General
003170,B62769419,"SIARS IBERICA, S.L.",Pol. Ind. Pratense - Calle 112,Barcelona,El Prat de Llobregat,08820,93 478 49 83,,España,ES,,,EUR,General
003171,,BRODERSON MFG. CORP.,14741 W 106th Steet,Extranjero,"LENEXA, KANSAS 66215-2015",66215,+001 913 888060,,USA,US,,,EUR,Exento
003172,,"MAIN-MAQUINARIA INNOVATIVA DE MEXICO, S.A. DE C.V.","Norte 11, Nº 7 CD Industrial",Extranjero,"CELAYA,GTO",38010,,,Méjico,MX,,,EUR,General
003173,,FIRST SOLUTIONS CO AS,Unnebergveien 5,Extranjero,FREDRIKSTAD,1613,+47 69315900,INFO@MAFITRAILERS.COM,Noruega,NO,,,EUR,En exportación
003174,A46103594,"LAINSA-LOGISTICA Y ACONDICIONAMIENTOS INDUSTRIALES, S.A.U.","Av. Cortes Valencianas, 58 - E",Valencia / València,VALENCIA,46015,91 6409870,,España,ES,,Contado,EUR,General
003175,,HISPAMAN,,,,,,,,,,,EUR,General
003176,A08760886,"LINDE MATERIAL HANDLING IBERICA, S.A.","Avda. Prat de la Riba, 181",Barcelona,PALLEJÀ,08780,93 663 32 32,,España,ES,,Transferencia a 60 días f.f.,EUR,General
003177,B70007471,"MONDOTROPO, S.L.","Rúa Nueva, 18, 6º izda.",La Coruña / A Coruña,A CORUÑA,15003,,,España,ES,,,EUR,General
003178,DE811616279,KIROW ARDELT AG,Raiffeisenstr 26,Extranjero,ULM,89079,+49 731 94652 2,,Alemania,DE,,,EUR,U.E.
003179,B36812600,"RENOSA-REPARACIONES DEL NOROESTE Y SERVICIOS AUXILIARES, S.L.","Avda. Orillamar, 239, 1º",Pontevedra,VIGO,36208,,,España,ES,,,EUR,General
003180,A08663619,"CAIXABANK, S.A.","Av. Diagonal, 621",Barcelona,BARCELONA,08028,,,España,ES,,,EUR,General
003181,,EQUIPOS NUCLEARES SA,,,,,,,,,,,EUR,General
003182,,INDRA,,,,,,,,,,,EUR,General
003183,A-28143378,"HOLCIM (ESPAÑA), S.A.","Pº de la Castellana, 95, 6ª",Madrid,MADRID,28046,,,España,ES,,,EUR,General
003184,B30786818,"AMERIS SUMINISTROS NAVALES, INDUSTRIALES Y AERONÁUTICOS, S.L.","CEEIC - Módulo 1.10. C/Berlín,",Murcia,CARTAGENA,30353,968 08 95 00,,España,ES,,,EUR,General
003185,G48975767,TECNALIA RESEARCH & INNOVATION,Parque Científico y Tecnológic,Vizcaya,DERIO,48160,902 760 000,,España,ES,,Pago a 60 días f.f.,EUR,General
003186,B30728455,"FERREGAS GARCIA-VASO, S.L.","C/Estocolmo, Parcela D-17 - Po",Murcia,CARTAGENA,30353,968 52 77 50,,España,ES,,,EUR,General
003187,,"HITACHI SAIHATI ENGINEERING SERVICES CO., LTD.","Dammam-Abqaiq Highway, Opposit",Extranjero,DAMMAM,31422,03-891-1364,,Emiratos Arabes,AE,,Pago a 60 días f.f.,EUR,En exportación
003188,B28609063,"UTIPLAS, S.L.","Pol. Ind. Nº 1 - Calle ""E"", Nr",Madrid,MOSTOLES,28938,91 647 49 74,,España,ES,,Transferencia a 60 días f.f.,EUR,General
003189,DE 811928847,BOMBARDIER TRANSPORTATION GmbH,Am Rathenaupark,Extranjero,Hennigsdorf,16761,,,Alemania,DE,,Transferencia a 60 días f.f.,EUR,U.E.
003190,A28006104,"EADS CASA, S.A.U.","Avda, Aragón, 404",Madrid,MADRID,28022,91 624 23 22,,España,ES,,,EUR,General
003191,,JSC AEROCOMPOSIT-ULYANOVSK,"Antonov propect, 1",Extranjero,Ulyanovck,43207,,,Rusia,RU,,,EUR,Exento
003192,,"INDUSTRIAS JOHN DEER ARGENTINA, S.A.",Juan Orsetti 481 -,Extranjero,2142 - Granadero Baigorria,2142,+54 341 4101801,,,,,Contado,EUR,En exportación
003193,B11306370,"CMT CARMIN, S.L.","Est Ferrea, s/n",Cádiz,Los Barrios,11370,650 456 234,,España,ES,,,EUR,General
003194,a28600278,"AHORRAMAS, S.A.",Ctra. de Arganda del Rey a Vel,Madrid,VELILLA DE SAN ANTONIO,28891,91 660 21 00,log_jrodriguez@ahorramas.com,España,ES,,Contado,EUR,General
003195,A08159816,"CRICURSA - CRISTALES CURVADOS, S.A.","Cami de Can Ferran, s/n -  Pol",,GRANOLLERS,08403,93 840 44 70,,España,ES,,Contado,EUR,General
003196,B33611146,"SUMINISTROS INDUSTRIALES BAZAN, S.L.","C/Los Pinos, 16",Asturias,GIJON,33211,985 325 156,,España,ES,,,EUR,General
003197,,JSC MURMANSK TRAWL FLEET,Ulitsa Shmidta 43,Extranjero,MURMANSJ,18303,,,Rusia,RU,,,EUR,En exportación
003198,,TRIMARINE COMPOSITOS LDA,"Edificio Trimarine, Rua Pproje",Extranjero,"Sarilhos Pequenos, Moita-Setub",28606,+35 1212891288,,Portugal,PT,,,EUR,General
003199,A48025845,"ASTILLEROS ZAMAKONA, S.A.","Puerto Pesquero, s/n",Vizcaya,SANTURTZI,48980,94 461 82 00,,España,ES,,,EUR,General
003200,,FOREST LINE,,,,,+33322744321,clement.cauchois@forest-line.com,,,,,EUR,General
003201,B31007354,"VIGUETAS NAVARRA, S.L.",Altxutxate 13,Navarra,Huarte Pamplona,31620,,,España,ES,,,EUR,General
003202,B60924131,"CTC EXTERNALIZACION, S.L.U.","Paseo Zona Franca, 83, Planta",Barcelona,BARCELONA,08038,,,España,ES,,Transferencia a 60 días f.f.,EUR,General
003203,MT1065-9531,TUG MALTA LIMITED,"37, SIR LUIGI PREZIOSO SQUARE",Extranjero,FLORIANA,FRN 1,21247121,,,,,,EUR,General
003204,B39618152,"SIMOR-SUMINISTROS INDUSTRIALES MORERO 2005, S.L.",Pol. Ind. de Morero Par. 2-11,Cantabria,GUARNIZO,39611,942 565 443,,España,ES,,Contado,EUR,General
003205,B86742699,"ESCUELA TALLER DE ESCENOGRAFIA MOYA, S.L.","Avda. Tenerife, 2",Madrid,SAN SEBASTIAN DE LOS REYES,28703,609 101 993,,España,ES,,,EUR,General
003206,A80241789,"FERROVIAL SERVICIOS, S.A.","C/Serrano Galvache, 56",Madrid,MADRID,28033,,,España,ES,,Pago a 60 días f.f.,EUR,General
003207,B40209751,"BARCOS DE ALUMINIO, S.L.","C/Sauce, 13",Segovia,VALVERDE DEL MAJANO,40140,609 309 783,,España,ES,,,EUR,General
003208,B84493774,"CRANESERV, S.L.",C/Límite s/n - Pol. Ind. Las F,Madrid,TORREJON DE ARDOZ,28850,91 307 60 63,,España,ES,,Transferencia a 60 días f.f.,EUR,General
003209,B28281095,"SERRAZAR, S.L.","C/Ventura Rodríguez, 24",Madrid,MADRID,28008,,,España,ES,,Contado,EUR,General
003210,A39004106,"FERRETERIA MONTAÑESA-GOMEZ LAVIN HERMANOS, S.A.","C/Cádiz, 4",Cantabria,SANTANDER,39002,942 223 750,,España,ES,,,EUR,General
003211,,AGAB PRESSAUTOMATION AB,Svanhalsgatan 17,Extranjero,HELSINGBORG,25657,042-32 58 30,,Suecia,SE,,Transferencia a 60 días f.f.,EUR,U.E.
003212,,CONSORCIO AGUAS DE ABURRÁ HHA,Calle 18 # 35-69  - Edif. Palm,Extranjero,MEDELLIN,,(57-4) 5202932,,,,,,EUR,En exportación
003213,B36912749,"TERMICAR VIGO, S.L.","Avda. Montero Ríos, 8",Pontevedra,VIGO,36201,986 24 05 96,,España,ES,,Contado,EUR,General
003214,,REYBESA -REDIN Y BECERRA SL,Pol. Ind. Arazuri-Orcoyen Call,,ORCOYEN,3116,948 312501,,España,ES,,,EUR,General
003215,B50728989,"ERGOMAQ-97, S.L.","Ctra. Huesca, Km. 13,600, Pol.",Zaragoza,VILLANUEVA DE GALLEGO,50830,976 150 601,,España,ES,,,EUR,General
003216,B95325239,"VIBACAR-VIZCAINA BANDAJES Y CARRETILLAS, S.L.","Bº Zubiete, 40 - Pol. Ind. Isa",Vizcaya,GORDEXOLA,48192,944 712 314,,España,ES,,,EUR,General
003217,A79761862,"TEMG MANTENIMIENTO, S.A.",Carretera M-103. Km. 14,Madrid,FUENTE EL SAZ DEL JARAMA,28140,91 6200141,,España,ES,,Transferencia a 60 días f.f.,EUR,General
003218,,BAE SYSTEMS AUSTRALIA LTD,P.O. Box 1068,Extranjero,SALISBURY,SA510,+61 (0)8 848088,,,,,Contado,EUR,Exento
003219,B11303476,"MATERIAL INDUSTRIAL Y NAVAL, S.L.","Plaza de Madrid, 3",Cádiz,CADIZ,11010,956 255969,,España,ES,,,EUR,General
003220,B48711626,"RALOGA RENTAL, S.L.","Ctra. N-634, Km. 106,4",Vizcaya,ETXEBARRI,48450,944 262 861,Ramón L. Inza (rli@angelvivanco.com),España,ES,,Contado,EUR,General
003221,B13370333,"DIVISEGUR, S.L.",Po´. Ind. Las Arenas - C/Los P,Madrid,PINTO,28320,,,,ES,,Contado,EUR,General
003222,A78388493,"TELCE, S.A.",C/Cañada de Recueros 20A,Madrid,FUENLABRADA,28946,916 421 231,,España,ES,,Transferencia a 60 días f.f.,EUR,General
003223,,IRVING SHIPBUILDING INC.  - HALIFAX SHIPYARD,3099 Barrington St - P.O. Box,Extranjero,HALIFAX NS B3K 5M7 CA,3099,902 423 9271,,Canadá,CA,,Transferencia a 60 días f.f.,CND,Exento
003224,A35000173,"REPNAVAL-REPARACIONES NAVALES CANARIAS, S.A.","C/Cía. Trasatlántica Española,",Las Palmas,LAS PALMAS DE GRAN CANARIA,35008,928 467 521,repnaval@repnaval.com,España,ES,,Transferencia a 60 días f.f.,EUR,Exento
003225,,VALEO LIGHTING INJECTION SA,DJ 691 Km 8 + 775 Jud. Timis,Extranjero,GIARMATA,30721,+40 731 240581,radu.boitos@valeo.com,Rumanía,RO,,,EUR,U.E.
003226,,CARRETILLAS MAYOR,,,,,+34 610 738 0,a.oporto@cmayor.es,,,,Pago a 60 días f.f.,EUR,General
003227,,AISIN EUROPE MANUFACTURING CZECH s.r.o.,Cizovská 456,Extranjero,PISEK,397 0,382 909 151,,,,,Contado,EUR,U.E.
003228,B15292931,"ELECTRICIDAD ALYCAR, S.L.","Pol. Ind. La Gandara, Parc. Nº",La Coruña / A Coruña,FERROL,15570,981 320481,administracion@electricidad.alycar.com,España,ES,,,EUR,General
003229,A08766099,"SETRAM, S.A.",Calle Y (Edificio Setram),Barcelona,PUERTO DE BARCELONA,08040,93 289 56 81,jdelpeso@setram.com,España,ES,,Transferencia a 60 días f.f.,EUR,General
003230,,GRI WIND STEEL SOUTH AFRICA PROPIETARY LIMITED,John van Niekerk Street - Atla,Extranjero,"DASSENBERG, 7349",7350,,,,,,,EUR,Exento
003231,B31907330,"GAMESA EOLICA, S.L.U.",Polígono AOIZ AR-3,Navarra,AOIZ,31430,948 138 205,,España,ES,,Transferencia a 60 días f.f.,EUR,General
003232,B84518620,"STAHL CRANESYSTEMS, S.L.","Av. de la Industria, 53, Nave",Madrid,ALCOBENDAS,28108,91 484 08 65,,España,ES,,Transferencia a 60 días f.f.,EUR,General
003233,B36935328,"ACOPAFI, S.L.","Avenida Atlántida, 9",Pontevedra,VIGO,36208,986 248342,,España,ES,,,EUR,General
003234,A50017961,"INMASA-INDUSTRIAS MANRIQUE, S.A.",Ctra. Castellón Km. 7 - La Car,Zaragoza,ZARAGOZA,50720,976 500 498,,España,ES,,Transferencia a 60 días f.f.,EUR,General
003235,A08122574,"MACLA, S.A.","Pol. Ind. El Cros, Nave 5",Barcelona,ARGENTONA,08310,,,España,ES,,Transferencia a 60 días f.f.,EUR,General
003236,Q2867021D,SASEMAR - E.P.E. SOCIEDAD DE SALVAMENTO Y SEGURIDAD MARITIMA,"C/Fruela, 3",Madrid,MADRID,28011,91 7559187,,España,ES,,Transferencia a 60 días f.f.,EUR,General
003237,B15037716,"TALLERES ELECTRICOS BLASCAR, S.L.U.","Muelle San Diego, s/n",La Coruña / A Coruña,A CORUÑA,15006,981 293 881,info@talleresblascar.com,España,ES,,Contado,EUR,General
003238,,"BABCOCK & WILCOX DE MONTERREY, S.A. DE C.V.",Valle Alegre No. 136 Col. Vall,Extranjero,"CD, GUADALUOE, N.L. MEXICO",67130,+81 8131 5260,,Méjico,MX,,Pago a 45 días f.f.,EUR,Exento
003239,A28049161,"SEAT, S.A.","Autovía A-2, Km. 585",Barcelona,MARTORELL,08760,93 7744308,,España,ES,,,EUR,General
003240,A79247433,"GOMYL, S.A.U.","Calle deenta, 19",Madrid,MECO,2880,91 887 70 00,,España,ES,,Transferencia a 60 días f.f.,EUR,General
003241,A20081006,"STERN HIDRÁULICA, S.A.","Bº Elbarrena, s/n – Polígono 1",Guipúzcoa,ZIZURKIL,20159,943 692 862,,España,ES,,Transferencia a 60 días f.f.,EUR,General
003242,A28000727,"BANCO POPULAR ESPAÑOL, S.A.","Calle Velázquez, 34",Madrid,MADRID,28001,,00750273@bancopopular.es,España,ES,,Contado,EUR,General
003243,A38354460,"GRAN TELESCOPIO DE CANARIAS, S.A.",Instituto de Astrofísica de Ca,Sta. Cruz de Tenerife,LA LAGUNA,38205,922 315 031,,España,ES,,,EUR,Exento
003244,B95083481,"SERVICIOS SIDERURGICOS INTEGRALES, S.L.","C/Alameda Rekalde, 27, 6ª plan",Vizcaya,BILBAO,48009,94 635 55 14,,España,ES,,,EUR,General
003245,B11016540,"OSMAC, S.L.",Pol. Ind. Salinas San José - C,Cádiz,PUERTO DE SANTA MARIA,11500,,,España,ES,,Contado,EUR,General
003246,B91531814,"SOFITEC COMPOSITES, S.L.","C/Hidroavión NC-4, Nº 9",Sevilla,LA RINCONADA,41300,954 115 123,,España,ES,,Transferencia a 60 días f.f.,EUR,General
003247,,MOKVELD VALVES BV,"Nijverheidsstraat 67, P.O. Box",Extranjero,AE GOUDA,NL280,+31 182 59 75 0,,Holanda,NL,,,EUR,U.E.
003248,A74325242,"DESARROLLO DE OPERACIONES METALURGICAS, S.A.",Parque Empresarial Principado,Asturias,AVILES,33417,,,España,ES,,Contado,EUR,General
003249,,"ELEKTROMEK, LLC","9100 South Dadeland Boulevard,",Extranjero,"MIAMI, FLORIDA",33156,+001 305 670 80,,USA,US,,Contado,EUR,Exento
003250,,"KIEWIT OFFSHORE SERVICES, LTD",P.O. Box 452500,Extranjero,Omaha NE 68145-2500,NE681,+001 (361)77543,,España,ES,,,USD,Exento
003251,B36647725,"MONTAJES GROB, S.L.","Avda. Orillamar, 2399, 2º",Pontevedra,VIGO,36208,,,España,ES,,,EUR,General
003252,,KIA MOTORS MEXICO,"Boulevard Díaz Ordaz, núm. 140",Extranjero,"MONTERREY, NUEVO LEON",64650,55-56517521,,Méjico,MX,,,USD,Exento
003253,,SUFFECTA LLC,"Proezd  Serebryakova, 14 , bui",Extranjero,MOSCOW (Russian Federation),12934,+7 495 646 89 2,,Rusia,RU,,,EUR,Exento
003254,,ALSTOM WIND FRANCE SAS OFFSHORE,TSA 90301 - 3 Avenue des trois,Extranjero,BELFORT Cedex,90041,,,Francia,FR,,Transferencia a 60 días f.f.,EUR,U.E.
003255,PT502616695,"VOLKSWAGEN AUTOEUROPA, LDA",Quinta da Marquesa,Extranjero,Portugal,2954-,351 21-211 2523,Joana.Pereira@Volkswagen.pt,,,,,EUR,U.E.
003256,B48679401,"FORJANOR, S.L.","Camino del Molino, 5-PI P,29",Madrid,COLLADO VILLALBA,28400,91 856 14 14,,España,ES,,Transferencia a 60 días f.f.,EUR,General
003257,A59555540,"DRASSANES DALMAU, S.A.","Moll de LLevant, s/n Puerto",Barcelona,ARENYS DE MAR,08350,93 792 24 28,,España,ES,,,EUR,General
003258,,MORESU-MONTACARGAS Y REFACCIONES DEL SURESTE,"16 de Septiembre  6310, Col Bu",Extranjero,"PUEBLA, PUEBLA",72580,01 222 5005241,,Méjico,MX,,Contado,EUR,Exento
003259,F06351530,TOMATES DEL GUADIANA S. COOP.,"Ctra. Yelbes, s/n",Badajoz,SANTA AMALIA,06410,924 82 00 11,,España,ES,,,EUR,General
003260,B61904389,"ARYZTA BAKERIES IBERIA, S.L.U.","Ctra. Alcalá-Daganzo, M-118, K",Madrid,DAGANZO,28814,81 884 12 50,,España,ES,,Transferencia a 60 días f.f.,EUR,General
003261,,"COMMERCIARE CAIA, S.A. DE C.V.","32 Norte 29 A, San Andres Chol",Extranjero,PUEBLA,72820,,,Méjico,MX,,Contado,EUR,General
003262,,PEINEMANN HEFTRUCKS BV,Postbus 189,Extranjero,3190 AD HOOGVLIET,3190,,,Holanda,NL,,Contado,EUR,U.E.
003263,,EURIDIS SUD OUEST,6 Rue Federico Garcia Lorca,Extranjero,TOULOUSE,31100,,,Francia,FR,,Transferencia a 60 días f.f.,EUR,U.E.
003264,,"AMCOR EMBALAGENS DA AMAZONIA, S.A.","Rua Anhanduí, 306 ED. D",Extranjero,FLORES - MANAUS/AM,69048,+55 11 4589 306,,Brasil,BR,,,EUR,Exento
003265,A28059269,"FUNDICIONES DEL ESTANDA, S.A.","Antzizar, 17",Guipúzcoa,BESAIN,20200,943 880 500,,España,ES,,,EUR,General
003266,,MODELL MOBLER AS,Skibasen 7,Extranjero,KRISTIANSAND S,4636,+38 12 79 90,,Noruega,NO,,,EUR,Exento
003267,91-171108700,"MTORRES AMERICA, INC.","MTorres Innovation Center, 905",Extranjero,"Everett, WA 98203 SEATTLE (USA",98203,+1 425 984 2700,,USA,US,,Transferencia a 60 días f.f.,USD,En exportación
003268,,BIGORRE INGENIERIE,"33 Avenue General Leclerc, 652",Extranjero,BAGNERES DE BIGORRE,65200,(05) 62958584,,Francia,FR,,Pago a 45 días f.f.,EUR,U.E.
003269,B84816925,"ABANTI, S.L.","Alcalá, 26",Madrid,MADRID,28022,,,España,ES,,Contado,EUR,General
003270,,"AZTEC DISEÑO E INGENIERIA., S.A. DE C.V.",Av. Universidad # 308 - Col. S,Extranjero,AGUASCALIENTES,,,,Méjico,MX,,Contado,EUR,En exportación
003271,B11515855,"MAVE AERONAUTICA, S.L.",Recinto interior de la Zona Fr,Cádiz,CADIZ,11011,628 05 35 43,,España,ES,,,EUR,General
003272,B91668137,"ALESTIS AEROSPACE, S.L.",Parque Aeronáutico de Andalucí,Sevilla,LA RINCONADA,41300,955 34 30 20,,,ES,,,EUR,General
003273,B80790793,"TRANSMISIONES TAMARGO Y SEVILLA, S.L.","C/Francisco Alonso, 3 33-35",Madrid,ALCALA DE HENARES,28806,91 1045010,ttstamargo@ttstamargo.com,,ES,,,EUR,General
003274,,"OZEC-EQUIPAMENTOS INDUSTRIAIS, LDA",P.I. Brejos Carreteiros - Esc,Extranjero,PALMELA,,+351 212 139 39,,Portugal,PT,,Contado,EUR,U.E.
003275,F48034599,"EKIN, S. COOP.","Pgno. Arriagane - Bº Boroa, s/",Vizcaya,AMOREBIETA,48340,94 673 11 12,,España,ES,,Pago a 60 días f.f.,EUR,General
003276,44315115A,DAVID CACERES GONZALEZ,"C/Tecén, 101",Las Palmas,LAS PALMAS DE GRAN CANARIA,35009,928 466 075,,España,ES,,Contado,EUR,Exento
003277,A08517021,"IMCAR, S.A.","Constitució, 94 - P. I. Les Gr",Barcelona,Sant Feliu,08980,93 685 00 99,,España,ES,,,EUR,General
003278,B62021589,AST MODULAR S.L.,C/ COTO Nº 1-9,Barcelona,SANT BOI DE LLOBREGAT,08830,ÑA,INFO@ASTMODULAR.COM,España,ES,,,EUR,General
003279,911599252,LEFDAL MINE DATACENTER AS      (MAALOY),GATE 1 57,,6700 MALOY  VAGSOY,,90 04 05 95,,Noruega,NO,,,EUR,Exento
003280,PL7272683560,ORMAZABAL POLSKA SP. Z O. O.,"95-100 Zgierz, ul. Struga 23",,REGON 100231251,,+48 42) 659 36,,Polonia,PL,,,EUR,U.E.
003281,B23629306,TORRES Y TORRES MECA-SOLAR S L,Avda de Forja S/N        Polg,Jaén,MARTOS,23600,,,,ES,,Contado,EUR,General
003282,8460000422,TOFAS TÜRK OTOMOBIL FABRIKASI A.S,BÜYÜKDERE CAD NO 145,,80600 ZINCIRLIKUYU/I STAMBUL,,(212) 275 33 90,,Turquía,TR,,,EUR,Exento
003283,A08277345,EMS SEVEN SEAS (SPAIN) S.A.,POLIGONO INDUSTRIAL PALMONES I,Cádiz,LOS BARRIOS,11379,,,España,ES,,Contado,EUR,General
003284,B12526489,"JOMATRAC, S.L.","Pol. Ind. Fadrell, Bulevar de",Castellón / Castelló,CASTELLON DE LA PLANA,12005,964 251 666,,España,ES,,,EUR,General
003285,B27734631,GLOBALMAR SEALAND S.L.,POL.IND.- A PASAXE. C/ OUTEIRO,Pontevedra,VINCIOS - GONDOMAR -36.316 PON,36316,986468980,,España,ES,,,EUR,General
003286,B84995711,SUYFA DEFENCE,C/ RONDA DE PONIENTE 1-A PI PE,Cádiz,CHICLANA,11130,956110293,,España,ES,,,EUR,General
003287,RO 1151753,VOESTALPINE VAE APCAROM S.A.,"BRAILEI STREER, 2",,BUZAU,,+40/238/721675,,Rumanía,RO,,,EUR,U.E.
003288,B87479077,HIAB IBERIA S.L.U.,C/LIMITE S/N. POL. IND LAS FRO,Madrid,TORREJON DE ARDOZ,28850,,,España,ES,,,EUR,General
003289,,CAJA RURAL DE NAVARRA SOCIEDAD COOPERATIVA,PLAZA DE LOS FUEROS 1,Navarra,PAMPLONA,31003,,,España,ES,,,EUR,General
003290,,MOVIMIENTOS SIDERURGICOS NERVION S.L.,C/ ALAMEDA REKALDE 27 - 6º,Vizcaya,BILBAO,48000,,,España,ES,,Contado,EUR,General
003291,B78495256,"MULTITRADE SPAIN, S.L.","Passeig del Ferrocarril 335, B",Barcelona,CASTELLDEFELS,08860,93 396 50 20,,España,ES,,,EUR,General
003292,B45224482,"PREFABRICADOS UNIBLOK, S.L.U.","C/de Seseña, s/n",Toledo,SESEÑA,45223,918 957 883,,España,ES,,,EUR,General
003293,B91042044,"LATECOERE SERVICES IBERIA, S.L.",Parque Tecnológico Aeroespacia,Sevilla,LA RINCONADA,41300,,,España,ES,,Transferencia a 60 días f.f.,EUR,General
003294,A48765937,FUNDICIONES FUMBARRI DURANGO S.A,Bº SAN ROKE 22. APARTADO 67,Vizcaya,DURANGO,48200,946217120,COMPRAS@FUMBARRI.COM,,ES,,,EUR,General
003295,A38318218,"BERNHARD SCHULTE CANARIAS, S.A.U.","Unión Artística El Cabo, 5 - E",Sta. Cruz de Tenerife,SANTA CRUZ DE TENERIFE,38003,922 53 26 21,,España,ES,,,EUR,Exento
003296,B86175056,"CONTROLTEC INGENIERIA, S.L.",C/Alcalde Luis Silvela N1 1C,Madrid,MADRID,28022,91 1105319,,España,ES,,Transferencia a 60 días f.f.,EUR,General
003297,B24540783,INOXIDABLES DEL ORBIGO SL,C/ REAL 125,León,VILLORIA DE ORBIGO,LEON,,,,ES,,Contado,EUR,General
003298,J06662746,TIBACAR CARRETILLAS SC,C/ ELECTRICIDAD 4,Badajoz,ALMENDRALEJO,06200,,,España,ES,,,EUR,General
003299,PT505282801,BLUEPHARMA INDUSTRIA FARMACEUTICA S.A.,Rua da Bayer,,Sao Marthinho do Bispo,3045-,,,Portugal,PT,,Contado,EUR,General
003300,510872646,"WEST SEA , ESTALEIROS NAVAIS LDA",AVENIDA DA PPRAIA NORTE S/N,,VIANA DO CASTELO,,,,Portugal,PT,,Contado,EUR,U.E.
003301,,ISONELL S.L. (GRUPO GADABI S.L),POL IND DE ALAVA S/N,Álava,MURGA,01479,945399210,INFO@ISSONELL.NET,España,ES,,Transferencia a 60 días f.f.,EUR,General
003302,DE209487503,R&M SHIP TECNOLOGIES GMBH,Schellerdamm 22-24,,21079 Hamburg/Germany,,,,,,,Contado,EUR,U.E.
003303,,FRIENDLY PARKING SYSTEMS LTD,KADIMA INDUSTRIAL,,ISRAEL,ISRAE,,,,,,Contado,EUR,En exportación
003304,A36610541,RODMAN POLYSHIPS SA,POL IND LA BORNA,Pontevedra,MEIRA-MOAÑA,36955,986 393 983,,España,ES,,,EUR,General
003305,A58402165,"COMFORSA - COMERCIAL DE LA FORJA, S.A.","C/Muntaner, 200, Entresol 4t",Barcelona,BARCELONA,08036,972 712171,,España,ES,,Transferencia a 60 días f.f.,EUR,General
003306,B78924016,"TALLERES J.H.L., S.L.","C/Los Peces, 6",Madrid,Torrejón de Ardoz,28850,91 656 38 42,jhl@torfre.com,España,ES,,Transferencia a 60 días f.f.,EUR,General
003307,,MARINA BARCELONA 92,,,,,,,España,ES,,,EUR,General
003308,,"DISHECO, S.A.",,,,,,,España,ES,,,EUR,General
003309,52062422J,WILLIAM HERRERA MUSIBAY,C/Alcalde Pedro González Gonzá,Madrid,Leganés,28914,,,España,ES,,Contado,EUR,General
003310,,ISRAEL AEROSPACE INDUSTRIES LTD  (IAI),Ben Gurion Int'l Airport,,,,,tlestny@iai.co.il,,,,Transferencia a 60 días f.f.,EUR,Exento
003311,,AGENCIA ESTATAL DE ADMINISTRACION TRIBUTARIA (VIGILANCIA ADUANERA),"AVDA. PORTO DA CORUÑA, 11-1º",La Coruña / A Coruña,A CORUÑA,15006,981 12 65 63,,España,ES,,Contado,EUR,General
003312,DE286406368,"MCE GMBH, NIEDERLASSUNG BREMEN",BRUCHWEIDE 3,Extranjero,28307 BREMEN,28,,RECHNUNGSEINGANG.MCE@BILFINGER.COM,Alemania,DE,,Pago a 45 días f.f.,EUR,U.E.
003313,B87231684,GRI - GESTAMP TOWERS SEVILLA S.L.,C/ OMBU 3,Madrid,MADRID,28045,,,España,ES,,Transferencia a 60 días f.f.,EUR,General
003314,A28093524,SANTA BARBARA SISTEMAS S.A.,CTRA SE-208 KM.2,Sevilla,ALCALA DE GUADAIRA,41500,,,España,ES,,Transferencia a 60 días f.f.,EUR,General
003315,A20016440,"ABC COMPRESSORS. ARIZAGA, BASTARRICA Y CÍA, S.A.",POL IND. AZITAIN Nº 6,Guipúzcoa,EIBAR,20600,943820400,abc@abc-compressors.com,,ES,,,EUR,General
003316,A04117297,COSENTINO,CARRETERA A-334 BAZA A HUERCAL,Almería,CANTORIA,04850,,,España,ES,,,EUR,General
003317,,DELL FINANCIAL SERVICES,,Madrid,,,,,,ES,,,EUR,General
003318,A58806167,"FICOMIRRORS, S.A.","Av. Gran Via Carlos III, 98, P",Barcelona,08028 Barcelona (España),08028,,,España,ES,,,EUR,General
003319,B-03289485,Excursiones Marítimas Benidorm S.L.,C/ Paseo de Colón s/n,Madrid,Benidorm -Alicante.,,638.555.523,,España,ES,,Contado,EUR,General
003320,,OSKAR OZKARIZ BOHADA (SUMETEC),C/ STA ISABEL 9-5,Madrid,BILBAO,48003,,,España,ES,,Contado,EUR,General
003322,,ELBIT SYSTEMS CYCLONE,BAR LEV INDUSTRIAL PARK P.O.B.,Madrid,KARMIEL 20100,,,,,ES,,Pago a 60 días f.f.,EUR,Exento
003323,A33047358,FABRICACIONES DEL AZUCAR S.A.,POL INDUSTRIAL DE LEON C/2 PAR,León,ONZONILLA,24231,,,España,ES,,Contado,EUR,General
003324,24671576,SOLAR TURBINES EAME S.R.O,LAURINOVA 2800/4,Madrid,155 00 PARHA 13,,,,,ES,,Transferencia a 60 días f.f.,EUR,Exento
003325,A28006377,"SIEMENS, S.A.","Ronda de Europa, 5",Madrid,TRES CANTOS,28760,91 514 4525,,España,ES,,Transferencia a 60 días f.f.,EUR,General
003326,,ABDEL HADI ABDULLAH AL-QAHTANI & SONS COMAPY,P.O. Box 20,Extranjero,DAMMAM,31411,,,Emiratos Arabes,AE,,Contado,USD,Exento
003327,B61050373,POCLAIN HYDRAULICS SPAIN,C/ ISAAC PERAL Nº8 -10 LOCAL N,Barcelona,SANT JUST DESVERN,08960,,,España,ES,,Contado,EUR,General
003328,A32257123,COASA,PARQUE TECNOLOGICO DE GALICIA,Madrid,SAN CIBRAO DAS VIÑAS,,,,,ES,,Transferencia a 60 días f.f.,EUR,General
003329,A91067918,AERNNOVA ANDALUCÍA ESTRUCTURAS AERONAUTICAS S.A.,P.E.A. AEROPOLIS . C/ CHARLES,Madrid,LA RICONADA -SEVILLA,41309,954115130,,España,ES,,Transferencia a 60 días f.f.,EUR,General
003330,A07014970,"ADDAYA, S.A.","Anuncivay, 24",Islas Baleares / Illes Balears,MAHON,07701,,,España,ES,,Contado,EUR,General
003331,B28054344,"EXTERNALIZACION DE PROCESOS LOGISTICOS, S.L.","Polígono Zona Franca, Sector C",Barcelona,BARCELONA,08040,,,España,ES,,,EUR,General
003332,CHE-107430655,APCO TECHNOLOGIES S.A.,CHEMIN DE CHAMPEX 10 CH-1860,Extranjero,AIGLE,,41 (0) 24 468 9,,,CH,,Transferencia a 60 días f.f.,EUR,General
003333,PT 501552960,"NOGARPORT, LDA",EDIF. DA COMUNIDADE PORTUARIA-,Extranjero,VIANA DO CASTELO. 4935-174 VIA,,,,,IT,,Transferencia a 60 días f.f.,EUR,General
003334,PT 5501552960,"NOGARPORT, LDA",EDIF DA COMUNIDADE PORTUARIA-S,Extranjero,VIANA DO CASTELO 4935-174 VIAN,,,,,IT,,Transferencia a 60 días f.f.,EUR,U.E.
003335,B-36030179,DROGAS VIGO S.L.,"CTRA  A SALCEDA, 23",Pontevedra,PORRIÑO,36418,986344082,,España,ES,,Contado,EUR,General
003336,EEW930121414,EUWE EUGEN WAXLER DE MEXICO S.A. DE C.V.,APARTADO POSTAL 115,Extranjero,"APIZACO, TIAXCALA",90300,+52 2414188500,info@euwe.com.mx,Méjico,MX,,Contado,EUR,Exento
003337,,SERMET SRL,VIA PRIVATA BERETTA 3,Extranjero,MEDOLAGO,24030,,,Italia,IT,,,EUR,U.E.
003338,RO18636,METAPLAST SRL,"Str Racari Nr. 5, Hala Product",Extranjero,BUCURESTI - ZIP CODE 031827,,+40 245204105,,Rumanía,RO,,Contado,EUR,U.E.
